{
  "os":  "macOS-15.4.1-arm64-arm-64bit",
  "python":  "CPython 3.11.11",
  "startedAt":  "2025-10-20T16:05:41.914498Z",
  "program":  "/Users/kianoosh/Desktop/PrismSSL-UI/prism_ssl_dashboard/app.py",
  "codePath":  "prism_ssl_dashboard/app.py",
  "codePathLocal":  "app.py",
  "git":  {
    "remote":  "https://github.com/kianoosh-vadaei/PrismSSL-UI.git",
    "commit":  "dd269a5488e8ced81fe0bb97c4326db16be5168f"
  },
  "email":  "kia.vadaei@gmail.com",
  "root":  "/Users/kianoosh/Desktop/PrismSSL-UI/prism_ssl_dashboard",
  "host":  "Kianooshs-MacBook-Air.local",
  "executable":  "/opt/anaconda3/envs/university/bin/python",
  "cpu_count":  10,
  "cpu_count_logical":  10,
  "disk":  {
    "/":  {
      "total":  "245107195904",
      "used":  "176760217600"
    }
  },
  "memory":  {
    "total":  "17179869184"
  },
  "apple":  {
    "name":  "Apple M4",
    "ecpuCores":  6,
    "pcpuCores":  4,
    "gpuCores":  8,
    "memoryGb":  16,
    "ramTotalBytes":  "17179869184"
  },
  "writerId":  "g661pao8wdsydhp9b13e90jizohff6r4"
}