{
  "trainer": {
    "modality": "audio",
    "trainer_ctor": {
      "method": "cola",
      "variant": "base",
      "save_dir": "./checkpoints",
      "checkpoint_interval": 10,
      "reload_checkpoint": false,
      "verbose": true,
      "mixed_precision_training": true,
      "use_data_parallel": false,
      "num_workers": 0,
      "wandb_mode": "online"
    },
    "use_generic": false,
    "generic": {}
  },
  "train": {
    "batch_size": 16,
    "epochs": 100,
    "start_epoch": 0,
    "start_iteration": 0,
    "learning_rate": 0.0001,
    "weight_decay": 0.01,
    "optimizer": "adamw",
    "use_hpo": false,
    "n_trials": 20,
    "tuning_epochs": 5,
    "use_embedding_logger": false
  },
  "dataset": {
    "train": {
      "code": "class SimpleAudioDataset(Dataset):\n    def __init__(self, num_items=10, d=5):\n        self.num_items = num_items   # number of samples\n        self.d = d                   # audio length (time dimension)\n\n    def __len__(self):\n        return self.num_items\n\n    def __getitem__(self, idx):\n        # audio shape: (1, d)\n        audio = torch.randn(1, self.d)  # float32 by default\n        length = self.d                 # integer length corresponding to time dimension\n        return {\"audio\": audio, \"length\": length}",
      "class_name": "SimpleAudioDataset",
      "kwargs": {}
    }
  },
  "eval": {
    "num_classes": 10,
    "batch_size": 64,
    "lr": 0.001,
    "epochs": 10,
    "freeze_backbone": true
  }
}